{"Metrics": {"Precision": 95.98689598689599, "Recall": 96.6199505358615, "FScore": 96.30238290879211}}