{"Metrics": {"Precision": 87.41258741258741, "Recall": 73.52941176470588, "FScore": 79.87220447284345}}