{"REAL": {"Precision": 84.48275862068965, "Recall": 59.756097560975604, "FScore": 70.0}, "GENERATED": {"Precision": 98.48484848484848, "Recall": 54.166666666666664, "FScore": 69.89247311827957}}