{"REAL": {"Precision": 73.04166666666666, "Recall": 89.02439024390245, "FScore": 82.02247191011234}, "GENERATED": {"Precision": 88.76404494382022, "Recall": 79.0, "FScore": 83.5978835978836}}