{"Real": {"Precision": 84.34782608695653, "Recall": 91.50943396226415, "FScore": 87.78280542986427}, "Generated": {"Precision": 94.44444444444444, "Recall": 80.95238095238095, "FScore": 87.17948717948718}}