{"Real": {"Precision": 75.0, "Recall": 84.14634146341463, "FScore": 79.3103448275862}, "Generated": {"Precision": 88.97058823529412, "Recall": 80.66666666666666, "FScore": 84.61538461538461}}